{"is_source_file": true, "format": "Python", "description": "This Python script initializes and manages an SQLite database for a simple notes application. It creates essential tables (app_info, users, notes), applies idempotent migrations to ensure schema consistency, inserts initial data, and saves connection/configuration details for external uses.", "external_files": ["os", "sqlite3"], "external_methods": ["os.path.exists", "os.getcwd", "os.makedirs", "open", "sqlite3.connect"], "published": [], "classes": [], "methods": [{"name": "set[str] _get_existing_columns(cursor: sqlite3.Cursor, table_name: str)", "description": "Returns set of existing column names in a specified table, or empty set if table does not exist.", "scope": "", "scopeKind": ""}, {"name": "bool _table_exists(cursor: sqlite3.Cursor, table_name: str)", "description": "Checks if a table exists in the database.", "scope": "", "scopeKind": ""}, {"name": "None _ensure_notes_schema(cursor: sqlite3.Cursor)", "description": "Creates or migrates the 'notes' table to match the required schema, adding missing columns safely.", "scope": "", "scopeKind": ""}], "calls": ["os.path.exists", "os.getcwd", "os.makedirs", "open", "sqlite3.connect", "conn.execute", "cursor.execute", "cursor.fetchone", "subprocess.run"], "search-terms": ["init_db.py", "database setup", "SQLite migration", "schema creation", "notes table", "idempotent database initialization"], "state": 2, "file_id": 3, "knowledge_revision": 20, "git_revision": "4e128a45d4b24c0b2989d90c687e056662df63ea", "revision_history": [{"16": "a92492d5643e8b063a88a201e210d208dcf0a6f4"}, {"20": "4e128a45d4b24c0b2989d90c687e056662df63ea"}], "ctags": [{"_type": "tag", "name": "DB_NAME", "path": "/home/kavia/workspace/code-generation/simple-notes-application-315270-315281/database/init_db.py", "pattern": "/^DB_NAME = \"myapp.db\"$/", "language": "Python", "kind": "variable"}, {"_type": "tag", "name": "DB_PASSWORD", "path": "/home/kavia/workspace/code-generation/simple-notes-application-315270-315281/database/init_db.py", "pattern": "/^DB_PASSWORD = \"kaviadefaultpassword\"  # Not used for SQLite, but kept for consistency$/", "language": "Python", "kind": "variable"}, {"_type": "tag", "name": "DB_PORT", "path": "/home/kavia/workspace/code-generation/simple-notes-application-315270-315281/database/init_db.py", "pattern": "/^DB_PORT = \"5000\"  # Not used for SQLite, but kept for consistency$/", "language": "Python", "kind": "variable"}, {"_type": "tag", "name": "DB_USER", "path": "/home/kavia/workspace/code-generation/simple-notes-application-315270-315281/database/init_db.py", "pattern": "/^DB_USER = \"kaviasqlite\"  # Not used for SQLite, but kept for consistency$/", "language": "Python", "kind": "variable"}, {"_type": "tag", "name": "_ensure_notes_schema", "path": "/home/kavia/workspace/code-generation/simple-notes-application-315270-315281/database/init_db.py", "pattern": "/^def _ensure_notes_schema(cursor: sqlite3.Cursor) -> None:$/", "language": "Python", "typeref": "typename:None", "kind": "function", "signature": "(cursor: sqlite3.Cursor)"}, {"_type": "tag", "name": "_get_existing_columns", "path": "/home/kavia/workspace/code-generation/simple-notes-application-315270-315281/database/init_db.py", "pattern": "/^def _get_existing_columns(cursor: sqlite3.Cursor, table_name: str) -> set[str]:$/", "language": "Python", "typeref": "typename:set[str]", "kind": "function", "signature": "(cursor: sqlite3.Cursor, table_name: str)"}, {"_type": "tag", "name": "_table_exists", "path": "/home/kavia/workspace/code-generation/simple-notes-application-315270-315281/database/init_db.py", "pattern": "/^def _table_exists(cursor: sqlite3.Cursor, table_name: str) -> bool:$/", "language": "Python", "typeref": "typename:bool", "kind": "function", "signature": "(cursor: sqlite3.Cursor, table_name: str)"}, {"_type": "tag", "name": "conn", "path": "/home/kavia/workspace/code-generation/simple-notes-application-315270-315281/database/init_db.py", "pattern": "/^conn = sqlite3.connect(DB_NAME)$/", "language": "Python", "kind": "variable"}, {"_type": "tag", "name": "connection_string", "path": "/home/kavia/workspace/code-generation/simple-notes-application-315270-315281/database/init_db.py", "pattern": "/^connection_string = f\"sqlite:\\/\\/\\/{current_dir}\\/{DB_NAME}\"$/", "language": "Python", "kind": "variable"}, {"_type": "tag", "name": "current_dir", "path": "/home/kavia/workspace/code-generation/simple-notes-application-315270-315281/database/init_db.py", "pattern": "/^current_dir = os.getcwd()$/", "language": "Python", "kind": "variable"}, {"_type": "tag", "name": "cursor", "path": "/home/kavia/workspace/code-generation/simple-notes-application-315270-315281/database/init_db.py", "pattern": "/^cursor = conn.cursor()$/", "language": "Python", "kind": "variable"}, {"_type": "tag", "name": "db_exists", "path": "/home/kavia/workspace/code-generation/simple-notes-application-315270-315281/database/init_db.py", "pattern": "/^db_exists = os.path.exists(DB_NAME)$/", "language": "Python", "kind": "variable"}, {"_type": "tag", "name": "db_path", "path": "/home/kavia/workspace/code-generation/simple-notes-application-315270-315281/database/init_db.py", "pattern": "/^db_path = os.path.abspath(DB_NAME)$/", "language": "Python", "kind": "variable"}, {"_type": "tag", "name": "record_count", "path": "/home/kavia/workspace/code-generation/simple-notes-application-315270-315281/database/init_db.py", "pattern": "/^record_count = cursor.fetchone()[0]$/", "language": "Python", "kind": "variable"}, {"_type": "tag", "name": "result", "path": "/home/kavia/workspace/code-generation/simple-notes-application-315270-315281/database/init_db.py", "pattern": "/^    result = subprocess.run([\"which\", \"sqlite3\"], capture_output=True, text=True)$/", "language": "Python", "kind": "variable"}, {"_type": "tag", "name": "table_count", "path": "/home/kavia/workspace/code-generation/simple-notes-application-315270-315281/database/init_db.py", "pattern": "/^table_count = cursor.fetchone()[0]$/", "language": "Python", "kind": "variable"}], "hash": "90181cfbe86597f5d325859c851affe4", "format-version": 4, "code-base-name": "database", "filename": "database/init_db.py", "fields": [{"name": "DB_NAME = \"myapp.db\"", "scope": "", "scopeKind": "", "description": "unavailable"}, {"name": "DB_PASSWORD = \"kaviadefaultpassword\"  # Not used for SQLite, but kept for consistency", "scope": "", "scopeKind": "", "description": "unavailable"}, {"name": "DB_PORT = \"5000\"  # Not used for SQLite, but kept for consistency", "scope": "", "scopeKind": "", "description": "unavailable"}, {"name": "DB_USER = \"kaviasqlite\"  # Not used for SQLite, but kept for consistency", "scope": "", "scopeKind": "", "description": "unavailable"}, {"name": "conn = sqlite3.connect(DB_NAME)", "scope": "", "scopeKind": "", "description": "unavailable"}, {"name": "connection_string = f\"sqlite:\\/\\/\\/{current_dir}\\/{DB_NAME}\"", "scope": "", "scopeKind": "", "description": "unavailable"}, {"name": "current_dir = os.getcwd()", "scope": "", "scopeKind": "", "description": "unavailable"}, {"name": "cursor = conn.cursor()", "scope": "", "scopeKind": "", "description": "unavailable"}, {"name": "db_exists = os.path.exists(DB_NAME)", "scope": "", "scopeKind": "", "description": "unavailable"}, {"name": "db_path = os.path.abspath(DB_NAME)", "scope": "", "scopeKind": "", "description": "unavailable"}, {"name": "record_count = cursor.fetchone()[0]", "scope": "", "scopeKind": "", "description": "unavailable"}, {"name": "result = subprocess.run([\"which\", \"sqlite3\"], capture_output=True, text=True)", "scope": "", "scopeKind": "", "description": "unavailable"}, {"name": "table_count = cursor.fetchone()[0]", "scope": "", "scopeKind": "", "description": "unavailable"}]}