{"is_source_file": true, "format": "bash", "description": "A shell script that detects the type of database (SQLite, PostgreSQL, MySQL, MongoDB) currently running and creates appropriate backups for each.", "external_files": ["/usr/lib/postgresql/", "/var/run/mysqld/mysqld.sock"], "external_methods": ["ls", "cp", "sudo", "mysqladmin", "mysql", "mysqldump", "mongosh", "mongodump", "echo", "exit"], "published": [], "classes": [], "methods": [], "calls": ["ls", "cp", "sudo mysqladmin ping", "mysqladmin ping", "mysql -h", "mysqldump", "mongosh --port", "mongodump --port"], "search-terms": ["database backup", "SQLite", "PostgreSQL", "MySQL", "MongoDB", "shell script backup", "database detection", "backup script"], "state": 2, "file_id": 2, "knowledge_revision": 14, "git_revision": "a92492d5643e8b063a88a201e210d208dcf0a6f4", "hash": "d7da372b768c895a33088027314656c3", "format-version": 4, "code-base-name": "database", "filename": "database/backup_db.sh", "revision_history": [{"14": "a92492d5643e8b063a88a201e210d208dcf0a6f4"}]}