{"is_source_file": true, "format": "bash", "description": "A shell script for restoring various types of databases (SQLite, PostgreSQL, MySQL, MongoDB) based on existing backup files. It detects backup file types and the database environment, then executes appropriate restore commands.", "external_files": ["database_backup.db", "database_backup.sql", "database_backup.archive"], "external_methods": ["cp", "ls", "sudo -u postgres pg_isready", "psql", "mysqladmin ping", "mysql", "mongosh", "mongorestore"], "published": [], "classes": [], "methods": [], "calls": ["cp", "ls", "sudo -u postgres pg_isready", "psql", "mysqladmin ping", "mysql", "mongosh", "mongorestore"], "search-terms": ["restore_db.sh", "database restore script", "detect database type", "backup detection", "SQLite restore", "PostgreSQL restore", "MySQL restore", "MongoDB restore"], "state": 2, "file_id": 9, "knowledge_revision": 15, "git_revision": "a92492d5643e8b063a88a201e210d208dcf0a6f4", "hash": "d42c3e6cbc3bbd627e3c08afcf4183ec", "format-version": 4, "code-base-name": "database", "filename": "database/restore_db.sh", "revision_history": [{"15": "a92492d5643e8b063a88a201e210d208dcf0a6f4"}]}