{"is_source_file": true, "format": "Python", "description": "This Python script implements an interactive SQLite database shell that allows users to execute SQL commands and view database schema information. It provides commands like .help, .tables, .schema, .describe, and supports executing raw SQL queries.", "external_files": ["sqlite3"], "external_methods": ["sqlite3.connect", "cursor.execute", "cursor.fetchall", "cursor.fetchone", "sys.exit"], "published": ["print_help", "list_tables", "show_schema", "describe_table", "execute_query", "main"], "classes": null, "methods": [{"name": "print_help()", "description": "Prints help message with available commands.", "scope": "", "scopeKind": ""}, {"name": "list_tables(cursor)", "description": "Lists all tables in the connected SQLite database.", "scope": "", "scopeKind": ""}, {"name": "show_schema(cursor, table_name=None)", "description": "Displays the CREATE statements of tables; optionally for a specific table.", "scope": "", "scopeKind": ""}, {"name": "describe_table(cursor, table_name)", "description": "Shows detailed structure of a specified table.", "scope": "", "scopeKind": ""}, {"name": "execute_query(cursor, query)", "description": "Executes a SQL query and displays the results or affected rows.", "scope": "", "scopeKind": ""}, {"name": "main()", "description": "Main loop for the interactive shell, handling user input and commands.", "scope": "", "scopeKind": ""}], "calls": ["print_help", "list_tables", "show_schema", "describe_table", "execute_query", "sqlite3.connect", "cursor.execute", "cursor.fetchall", "cursor.fetchone", "sys.exit"], "search-terms": ["interactive shell", "sqlite3", "SQL commands", ".schema", ".describe", "database", "db_shell"], "state": 2, "file_id": 8, "knowledge_revision": 18, "git_revision": "a92492d5643e8b063a88a201e210d208dcf0a6f4", "ctags": [{"_type": "tag", "name": "DB_NAME", "path": "/home/kavia/workspace/code-generation/simple-notes-application-315270-315281/database/db_shell.py", "pattern": "/^DB_NAME = \"myapp.db\"$/", "language": "Python", "kind": "variable"}, {"_type": "tag", "name": "describe_table", "path": "/home/kavia/workspace/code-generation/simple-notes-application-315270-315281/database/db_shell.py", "pattern": "/^def describe_table(cursor, table_name):$/", "language": "Python", "kind": "function", "signature": "(cursor, table_name)"}, {"_type": "tag", "name": "execute_query", "path": "/home/kavia/workspace/code-generation/simple-notes-application-315270-315281/database/db_shell.py", "pattern": "/^def execute_query(cursor, query):$/", "language": "Python", "kind": "function", "signature": "(cursor, query)"}, {"_type": "tag", "name": "list_tables", "path": "/home/kavia/workspace/code-generation/simple-notes-application-315270-315281/database/db_shell.py", "pattern": "/^def list_tables(cursor):$/", "language": "Python", "kind": "function", "signature": "(cursor)"}, {"_type": "tag", "name": "main", "path": "/home/kavia/workspace/code-generation/simple-notes-application-315270-315281/database/db_shell.py", "pattern": "/^def main():$/", "language": "Python", "kind": "function", "signature": "()"}, {"_type": "tag", "name": "print_help", "path": "/home/kavia/workspace/code-generation/simple-notes-application-315270-315281/database/db_shell.py", "pattern": "/^def print_help():$/", "language": "Python", "kind": "function", "signature": "()"}, {"_type": "tag", "name": "show_schema", "path": "/home/kavia/workspace/code-generation/simple-notes-application-315270-315281/database/db_shell.py", "pattern": "/^def show_schema(cursor, table_name=None):$/", "language": "Python", "kind": "function", "signature": "(cursor, table_name=None)"}], "hash": "7a5a132ab2db661e22c5eb4827332833", "format-version": 4, "code-base-name": "database", "filename": "database/db_shell.py", "fields": [{"name": "DB_NAME = \"myapp.db\"", "scope": "", "scopeKind": "", "description": "unavailable"}], "revision_history": [{"18": "a92492d5643e8b063a88a201e210d208dcf0a6f4"}]}