{"is_source_file": false, "format": "", "description": "", "external_files": [], "external_methods": [], "published": [], "classes": [], "methods": [], "calls": [], "search-terms": ["index.html", "HTML", "Database Viewer UI", "frontend", "client-side", "JavaScript"], "state": 2, "file_id": 4, "knowledge_revision": 11, "git_revision": "a92492d5643e8b063a88a201e210d208dcf0a6f4", "hash": "ee63333a4841bf025439c755a74c9881", "format-version": 4, "code-base-name": "database", "filename": "database/db_visualizer/public/index.html", "revision_history": [{"11": "a92492d5643e8b063a88a201e210d208dcf0a6f4"}]}