{"is_source_file": false, "format": "Markdown", "description": "README documentation for the Simple Notes Application project, likely describing the project overview, setup instructions, or usage notes.", "external_files": [], "external_methods": [], "published": [], "classes": [], "methods": [], "calls": [], "search-terms": ["simple-notes-application", "README", "project overview"], "state": 2, "file_id": 1, "knowledge_revision": 13, "git_revision": "0ce626c7aefaf506e71555d71c83237bc85e71ed", "hash": "7fc83da501bebdd209cab5a2ab738be8", "format-version": 4, "code-base-name": "database", "filename": "README.md", "revision_history": [{"13": "0ce626c7aefaf506e71555d71c83237bc85e71ed"}]}